{"schemaVersion":17,"addons":[{"id":"TruClient@hpe.com","syncGUID":"7QkmRM45hRKV","location":"app-profile","version":"14.00","type":"extension","internalName":null,"updateURL":null,"updateKey":null,"optionsURL":null,"optionsType":null,"aboutURL":null,"iconURL":"chrome://TruClientUI/content/ui/images/tc_logo.png","icon64URL":null,"defaultLocale":{"name":"HPE TruClient","description":"An advanced technology for modern JavaScript based applications (including Ajax) emulating user activity within a web browser.","creator":"HPE","homepageURL":null},"visible":true,"active":true,"userDisabled":false,"appDisabled":false,"descriptor":"C:\\Program Files (x86)\\HPE\\LoadRunner\\dat\\FFProfile\\extensions\\TruClient@hpe.com","installDate":1505728037027,"updateDate":1505728037027,"applyBackgroundUpdates":1,"bootstrap":false,"size":16962519,"sourceURI":null,"releaseNotesURI":null,"softDisabled":false,"foreignInstall":true,"hasBinaryComponents":true,"strictCompatibility":false,"locales":[],"targetApplications":[{"id":"{ec8030f7-c20a-464f-9b0e-13a3a9e97384}","minVersion":"40.0","maxVersion":"60.*.*"}],"targetPlatforms":[],"multiprocessCompatible":false,"signedState":0},{"id":"{972ce4c6-7e08-4474-a285-3208198ce6fd}","syncGUID":"-V_cveSe3cAT","location":"app-global","version":"40.0.3","type":"theme","internalName":"classic/1.0","updateURL":null,"updateKey":null,"optionsURL":null,"optionsType":null,"aboutURL":null,"iconURL":null,"icon64URL":null,"defaultLocale":{"name":"Default","description":"The default theme.","creator":"Mozilla","homepageURL":null,"contributors":["Mozilla Contributors"]},"visible":true,"active":false,"userDisabled":true,"appDisabled":false,"descriptor":"C:\\Program Files (x86)\\HPE\\LoadRunner\\bin\\Firefox\\browser\\extensions\\{972ce4c6-7e08-4474-a285-3208198ce6fd}","installDate":1505728002441,"updateDate":1505728002441,"applyBackgroundUpdates":1,"skinnable":true,"size":23193,"sourceURI":null,"releaseNotesURI":null,"softDisabled":false,"foreignInstall":false,"hasBinaryComponents":false,"strictCompatibility":true,"locales":[],"targetApplications":[{"id":"{ec8030f7-c20a-464f-9b0e-13a3a9e97384}","minVersion":"40.0.3","maxVersion":"40.0.3"}],"targetPlatforms":[]},{"id":"FFPDFArchitectConverter@pdfarchitect.com","syncGUID":"_9-GMAljkV18","location":"winreg-app-global","version":"1.0","type":"extension","internalName":null,"updateURL":null,"updateKey":null,"optionsURL":"chrome://FFPDFArchitectExt/content/options.xul","optionsType":null,"aboutURL":"chrome://FFPDFArchitectExt/content/about.xul","iconURL":"chrome://FFPDFArchitectExt/content/firefoxextension.png","icon64URL":null,"defaultLocale":{"name":"PDF Architect Converter For Firefox","description":"This extension help you to convert html page to the pdf document.","creator":"pdfforge GmbH","homepageURL":"http://pdfarchitect.org"},"visible":true,"active":true,"userDisabled":false,"appDisabled":false,"descriptor":"C:\\Program Files (x86)\\PDF Architect\\FFPDFArchitectExt","installDate":1368362157231,"updateDate":1368362157231,"applyBackgroundUpdates":1,"bootstrap":false,"size":413015,"sourceURI":null,"releaseNotesURI":null,"softDisabled":false,"foreignInstall":true,"hasBinaryComponents":false,"strictCompatibility":false,"locales":[],"targetApplications":[{"id":"{ec8030f7-c20a-464f-9b0e-13a3a9e97384}","minVersion":"4.0","maxVersion":"9.*"}],"targetPlatforms":[],"multiprocessCompatible":false,"signedState":0}]}